17867	226294	89	London	10_Downing_Street
17867	1774210	24	London	122_Leadenhall_Street
17867	17056077	30	London	1854_Broad_Street_cholera_outbreak
17867	182153	18	London	1904_Summer_Olympics
17867	180916	29	London	1908_Summer_Olympics
17867	177520	27	London	1930_British_Empire_Games
17867	169515	20	London	1940_Summer_Olympics
17867	84318	19	London	1952_Summer_Olympics
17867	83870	19	London	1956_Summer_Olympics
17867	999382	22	London	1962_British_Empire_and_Commonwealth_Games
17867	83238	16	London	1964_Summer_Olympics
17867	999483	29	London	1966_British_Empire_and_Commonwealth_Games
17867	34657	41	London	1966_FIFA_World_Cup_Final
17867	83115	20	London	1968_Summer_Olympics
17867	1005991	29	London	1970_British_Commonwealth_Games
17867	72622	17	London	1976_Summer_Olympics
17867	929173	29	London	1990_Commonwealth_Games
17867	794905	26	London	1991_World_Championships_in_Athletics
17867	780853	26	London	1993_World_Championships_in_Athletics
17867	775979	22	London	1995_World_Championships_in_Athletics
17867	14563484	32	London	19th-century_London
17867	71432	19	London	2000_Summer_Olympics
17867	773431	24	London	2001_World_Championships_in_Athletics
17867	64202	24	London	2002_Commonwealth_Games
17867	304821	150	London	2003_European_heat_wave
17867	307313	25	London	2003_World_Championships_in_Athletics
17867	806017	23	London	2005_World_Championships_in_Athletics
17867	3517973	25	London	2007_World_Championships_in_Athletics
17867	3517978	24	London	2009_World_Championships_in_Athletics
17867	365813	27	London	2010_Commonwealth_Games
17867	2176142	220	London	2012_Summer_Olympics
17867	2403081	26	London	2014_Commonwealth_Games
17867	14159498	31	London	2018_Commonwealth_Games
17867	2185939	36	London	7_July_2005_London_bombings
17867	305273	24	London	8_Canada_Square
17867	6525169	65	London	A102_road
17867	216877	37	London	A1_road_(Great_Britain)
17867	9074870	25	London	ABC-CLIO
17867	33440910	31	London	Abellio_Greater_Anglia
17867	18769343	41	London	Academic_health_science_centre
17867	13535842	32	London	Adrian_Tinniswood
17867	206337	27	London	Ahmedabad
17867	37575	28	London	Airport
17867	413532	39	London	Albertopolis
17867	808	21	London	Alfred_Hitchcock
17867	59318	23	London	Andorra_la_Vella
17867	54764	45	London	Andrew_Lloyd_Webber
17867	909	28	London	Anglican_Communion
17867	9652708	104	London	Anglo-Saxon_London
17867	32149462	32	London	Antwerp
17867	1333905	33	London	Applied_arts
17867	2345	33	London	Archbishop_of_Canterbury
17867	5748072	170	London	Architecture_of_London
17867	10918072	16	London	Armenia
17867	2193250	31	London	Arriva_London
17867	2193291	32	London	Arriva_Southern_Counties
17867	173836	28	London	Ashtead
17867	56602	20	London	Astana
17867	205883	30	London	Aylesbury
17867	255382	28	London	BAPS_Shri_Swaminarayan_Mandir_London
17867	28277887	30	London	BPP_University
17867	4006435	31	London	BSix_Sixth_Form_College
17867	645224	79	London	Baker_Street
17867	4566	22	London	Baku
17867	56615	38	London	Bangkok
17867	252295	32	London	Bank_and_Monument_stations
17867	4484	72	London	Bank_of_England
17867	27588077	221	London	Barclays_Cycle_Hire
17867	1085577	29	London	Barking_and_Dagenham_College
17867	93860	34	London	Barnes,_London
17867	93862	28	London	Barnsbury
17867	344654	29	London	Basingstoke
17867	23538713	31	London	Bat
17867	770828	38	London	Battersea_Park
17867	44667	89	London	Battle_of_Hastings
17867	872221	30	London	Beckton
17867	64951	29	London	Berkshire
17867	14450346	46	London	Bethnal_Green_Academy
17867	2257933	56	London	Bevis_Marks_Synagogue
17867	93888	30	London	Bexleyheath
17867	4116	15	London	Big_Bang
17867	561917	49	London	Billingsgate_Fish_Market
17867	372576	32	London	Blackfriars_station
17867	890417	42	London	Blackheath_F.C.
17867	93897	79	London	Bloomsbury
17867	448385	35	London	Blowup
17867	43007	34	London	Blur_(band)
17867	438077	23	London	Bond_Street
17867	4097	65	London	Bordeaux
17867	348134	27	London	Borehamwood
17867	19065069	822	London	Boris_Johnson
17867	3463	18	London	Bosnia_and_Herzegovina
17867	4517	206	London	Boudica
17867	23861381	13	London	Bradford
17867	18933194	25	London	Bratislava
17867	3383	23	London	Brazil
17867	93899	32	London	Brentford
17867	3745	15	London	Britain
17867	150200	54	London	British_Academy_Film_Awards
17867	13429697	49	London	British_Arabs
17867	1749326	65	London	British_Asian
17867	4675	1030	London	British_Museum
17867	728451	43	London	Brixton_Academy
17867	5274216	66	London	Broadgate_Tower
17867	4620	60	London	Bronze_Age
17867	3528987	29	London	Broxbourne
17867	9981557	21	London	Brussels_and_the_European_Union
17867	16392927	40	London	Bubonic_plague
17867	55688	30	London	Buckinghamshire
17867	36787	50	London	Budapest
17867	143977	30	London	Burgess_Hill
17867	596416	29	London	Bushey
17867	171741	32	London	C2c
17867	2875240	51	London	CM_postcode_area
17867	8177789	42	London	Cadogan_Hall
17867	5407	12	London	California
17867	413508	24	London	Cannon_Street
17867	210407	31	London	Cannon_Street_station
17867	48274	37	London	Canterbury
17867	15841302	30	London	Capel_Manor_College
17867	181337	23	London	Capital_city
17867	78747	30	London	Cat_Stevens
17867	6546	57	London	Celts
17867	21050680	34	London	Challenge_Cup
17867	15179980	23	London	Chancery_Lane
17867	210431	32	London	Charing_Cross_railway_station
17867	5142	39	London	Charlie_Chaplin
17867	383722	23	London	Cheapside
17867	45139	34	London	Chennai
17867	240577	29	London	Chesham
17867	153718	40	London	Chester
17867	5405	19	London	China
17867	310623	76	London	Chinatown,_London
17867	93927	31	London	Chingford
17867	381026	31	London	Chipping_Barnet
17867	93929	29	London	Chislehurst
17867	11754499	31	London	Christ_the_King_Sixth_Form_College
17867	5211	77	London	Christianity
17867	52946	43	London	Christopher_Wren
17867	478199	23	London	Citigroup_Centre,_London
17867	12416283	33	London	City_Cruises
17867	533484	53	London	City_University_London
17867	12786498	48	London	City_and_Islington_College
17867	367477	111	London	City_of_London_Corporation
17867	54060	565	London	City_of_Westminster
17867	93933	30	London	Clapham
17867	6668778	29	London	Classical_music
17867	39173	43	London	Commonwealth_Games
17867	21175158	35	London	Commonwealth_of_Nations
17867	280911	29	London	Confidence_interval
17867	5166	50	London	Copenhagen
17867	7965465	12	London	Cork
17867	161781	27	London	Covent_Garden
17867	156618	32	London	Crawley
17867	25675557	39	London	Cricket
17867	16621576	33	London	Crown_River_Cruises
17867	385313	123	London	Crystal_Palace_F.C.
17867	373200	24	London	Crystal_Palace_National_Sports_Centre
17867	323135	26	London	Daegu
17867	143776	32	London	Dagenham
17867	8389114	31	London	Damyns_Hall_Aerodrome
17867	64946	122	London	Danelaw
17867	1211852	32	London	Dartford
17867	47548	28	London	Daylight_saving_time
17867	37756	40	London	Delhi
17867	76972	14	London	Denmark
17867	5837175	23	London	Denmark_Street
17867	249171	47	London	Department_store
17867	8827	78	London	Docklands_Light_Railway
17867	713742	26	London	Dongguan
17867	61849	30	London	Dorking
17867	8504	119	London	Dublin
17867	2619852	35	London	Dubstep
17867	147711	36	London	Dusty_Springfield
17867	1432886	96	London	EC_postcode_area
17867	140624	38	London	EMI
17867	372582	31	London	Ealing_Broadway_station
17867	9995	69	London	EastEnders
17867	359242	33	London	East_Ham
17867	29475921	126	London	East_London_Tech_City
17867	2652920	32	London	East_London_Transit
17867	11895146	40	London	East_Midlands_Trains
17867	37403	12	London	Eastern_Europe
17867	7804932	312	London	Economy_of_London
17867	93981	43	London	Edgware
17867	9602	166	London	Edinburgh
17867	2336787	189	London	Education_in_London
17867	40243	53	London	Edward_the_Confessor
17867	520569	29	London	Eltham
17867	15802746	37	London	Embankment_Pier
17867	27950503	221	London	Emirates_Air_Line_(cable_car)
17867	725839	27	London	Emirates_Stadium
17867	323444	26	London	Enfield_Town
17867	1791890	29	London	Englefield_Green
17867	529059	27	London	Environment_Agency
17867	174203	28	London	Epsom
17867	10049	34	London	Eric_Clapton
17867	28222445	23	London	Estonia
17867	9239	39	London	Europe
17867	9317	24	London	European_Union
17867	679519	25	London	Eurostat
17867	182649	31	London	Euston_railway_station
17867	36614585	33	London	Exeter
17867	335568	72	London	Fallow_deer
17867	232477	29	London	Farnborough,_Hampshire
17867	17238607	16	London	Faroe_Islands
17867	93997	30	London	Feltham
17867	361302	30	London	Fenchurch_Street_railway_station
17867	136566	25	London	Financial_Times
17867	171732	23	London	Finsbury_Park
17867	217053	31	London	Finsbury_Park_station
17867	171748	31	London	First_ScotRail
17867	213492	57	London	Fleet_Street
17867	949624	31	London	Forest_Gate
17867	1202860	238	London	Forest_Hill,_London
17867	276447	40	London	Fortune_500
17867	5843419	51	London	France
17867	5322859	29	London	Frogmore,_Hampshire
17867	213163	59	London	Gary_Oldman
17867	101359	145	London	Gatwick_Airport
17867	56355	50	London	Geoffrey_of_Monmouth
17867	48361	71	London	Geographic_coordinate_system
17867	1679120	296	London	Geography_of_London
17867	10560643	232	London	German_strategic_bombing_during_World_War_I
17867	11867	52	London	Germany
17867	143751	31	London	Gidea_Park
17867	784781	989	London	Global_city
17867	213991	27	London	Godalming
17867	11861	24	London	Gothenburg
17867	3970497	32	London	Grand_Central_Railway
17867	928680	57	London	Grass_snake
17867	13530298	20	London	Great_Britain
17867	12249	3262	London	Greater_London
17867	40498	507	London	Greater_London_Authority
17867	26636696	38	London	Greater_London_Authority_Act_2007
17867	615625	34	London	Greater_London_Authority_referendum,_1998
17867	4347521	86	London	Greater_London_Built-up_Area
17867	61268	36	London	Greater_London_Council
17867	81605	30	London	Greater_Los_Angeles_Area
17867	1584979	29	London	Greater_Mexico_City
17867	2521152	27	London	Greater_São_Paulo
17867	12701	113	London	Greenwich_Mean_Time
17867	12537	21	London	Guangzhou
17867	12166	24	London	Guernsey
17867	387695	21	London	Guildhall,_London
17867	13159	66	London	Gunpowder_Plot
17867	3538157	50	London	HA_postcode_area
17867	6816186	32	London	Hackbridge
17867	2555140	31	London	Hackney_Central
17867	391934	322	London	Hackney_carriage
17867	13467	17	London	Hamburg
17867	1144434	40	London	Hammersmith_Apollo
17867	245977	38	London	Hampstead_Heath
17867	158185	25	London	Hangzhou
17867	251762	54	London	Hard_Rock_Cafe
17867	48130	43	London	Hare
17867	94058	32	London	Harlesden
17867	94075	31	London	Harold_Wood
17867	14078481	30	London	Havering_College_of_Further_and_Higher_Education
17867	5707416	29	London	Havering_Sixth_Form_College
17867	13696	38	London	Helsinki
17867	258642	40	London	Hemel_Hempstead
17867	5259147	38	London	Hemel_Stags
17867	98649	38	London	High_Speed_1
17867	150247	30	London	High_Wycombe
17867	2745659	30	London	Highams_Park
17867	13677	18	London	Hindu
17867	2247213	34	London	Hindu_temple
17867	13543	39	London	Hinduism
17867	690194	50	London	Historia_Regum_Britanniae
17867	1208634	27	London	Historic_Royal_Palaces
17867	204971	36	London	Historic_counties_of_England
17867	17937	32	London	History_of_public_transport_authorities_in_London
17867	13404	59	London	Hong_Kong
17867	94110	31	London	Hornchurch
17867	7386050	28	London	Horsham
17867	2944123	30	London	Houghton_Regis
17867	89442	73	London	House_of_Lancaster
17867	13774	11	London	Houston
17867	13275	16	London	Hungary
17867	218926	26	London	IAAF_World_Championships_in_Athletics
17867	81476	46	London	Ilford
17867	706642	31	London	Ilford_railway_station
17867	379415	92	London	Inner_London
17867	15158276	59	London	Iranians_in_the_United_Kingdom
17867	485989	95	London	Irish_migration_to_Great_Britain
17867	323777	106	London	Irreligion
17867	3391396	116	London	Istanbul
17867	16516	36	London	Jamiroquai
17867	1169409	22	London	Jermyn_Street
17867	15693	19	London	Jersey
17867	251195	34	London	John_Bright
17867	506101	43	London	John_Galliano
17867	296256	42	London	Jude_Law
17867	17015	26	London	Kaohsiung
17867	17123	44	London	Karachi
17867	325181	27	London	Keelung
17867	249897	51	London	Keira_Knightley
17867	391852	26	London	Kensington_Palace
17867	16766	59	London	Kent
17867	94134	34	London	Kentish_Town
17867	188171	17	London	Kenya
17867	585629	28	London	Kiev
17867	94149	30	London	Kilburn,_London
17867	417235	41	London	King's_Road
17867	1019119	28	London	Klang_Valley
17867	94153	120	London	Knightsbridge
17867	17391	19	London	Kosovo
17867	37652	23	London	Kyoto
17867	305764	27	London	Lahti
17867	13889045	31	London	Lambeth_College
17867	12851059	36	London	Lea_Valley_Walk
17867	373284	31	London	Lewisham_station
17867	94157	28	London	Leyton
17867	2400286	24	London	Liberty_(department_store)
17867	50116	26	London	Lille
17867	85423	27	London	Lima
17867	11418285	71	London	List_of_Greater_London_boundary_changes
17867	379104	40	London	List_of_London_Assembly_constituencies
17867	5883489	54	London	List_of_Sites_of_Special_Scientific_Interest_in_Greater_London
17867	10548651	81	London	List_of_annual_events_in_London
17867	18635218	34	London	List_of_districts_in_Barking_and_Dagenham
17867	3034996	32	London	List_of_districts_in_Barnet
17867	18635430	31	London	List_of_districts_in_Bromley
17867	18635330	32	London	List_of_districts_in_Ealing
17867	18948203	30	London	List_of_districts_in_Greenwich
17867	11945591	32	London	List_of_districts_in_Hackney
17867	18635311	31	London	List_of_districts_in_Hammersmith_and_Fulham
17867	18635497	32	London	List_of_districts_in_Haringey
17867	18635208	31	London	List_of_districts_in_Havering
17867	18635408	31	London	List_of_districts_in_Hillingdon
17867	16141950	32	London	List_of_districts_in_Redbridge
17867	18635654	33	London	List_of_districts_in_Southwark
17867	498411	15	London	List_of_firearms
17867	582700	53	London	List_of_heads_of_London_government
17867	523670	15	London	List_of_states_with_limited_recognition
17867	180342	301	London	List_of_tallest_buildings_and_structures_in_London
17867	29469058	292	London	List_of_telephone_exchanges_in_London
17867	500313	139	London	List_of_television_shows_set_in_London
17867	17675	18	London	Lithuania
17867	23730711	52	London	Lithuanians_in_the_United_Kingdom
17867	18081	96	London	Liverpool
17867	97027	17	London	Liverpool_Street_station
17867	368610	27	London	Livery_company
17867	17437911	32	London	Livett's_Launches
17867	486221	22	London	Lloyd's_building
17867	207211	1702	London	Londinium
17867	1836519	110	London	London_(European_Parliament_constituency)
17867	60970	966	London	London_(disambiguation)
17867	355966	296	London	London_Assembly
17867	32006878	38	London	London_Assembly_election,_2012
17867	95335	119	London	London_Borough_of_Bexley
17867	95333	186	London	London_Borough_of_Bromley
17867	26598633	257	London	London_Borough_of_Camden
17867	93937	189	London	London_Borough_of_Hackney
17867	95351	142	London	London_Borough_of_Lewisham
17867	95360	117	London	London_Borough_of_Merton
17867	95382	155	London	London_Borough_of_Newham
17867	95358	125	London	London_Borough_of_Sutton
17867	98370	53	London	London_Bridge
17867	2774473	41	London	London_Broncos
17867	892444	120	London	London_Buses
17867	1374411	34	London	London_Contemporary_Dance_School
17867	1414839	32	London	London_Councils
17867	353838	41	London	London_County_Council
17867	360377	26	London	London_County_Hall
17867	8839	65	London	London_Docklands
17867	30372	655	London	London_Eye
17867	3088348	48	London	London_Fire_Brigade
17867	4582929	40	London	London_Fire_and_Emergency_Planning_Authority
17867	705556	31	London	London_Heliport
17867	192110	62	London	London_Inner_Ring_Road
17867	486954	50	London	London_Irish
17867	2179709	33	London	London_Olympics
17867	2655921	42	London	London_Riverside
17867	67704	81	London	London_School_of_Economics
17867	1177934	33	London	London_Streets
17867	4055222	37	London	London_Symphony_Chorus
17867	156257	52	London	London_Symphony_Orchestra
17867	24406549	41	London	London_Transport_(brand)
17867	1179432	26	London	London_Transport_Museum
17867	17839	1342	London	London_Underground
17867	6884147	32	London	London_United_Busways
17867	381305	161	London	London_Wall
17867	385842	42	London	London_Waterloo_East_railway_station
17867	69841	84	London	London_Zoo
17867	52613	190	London	London_boroughs
17867	398749	105	London	London_in_fiction
17867	660721	105	London	London_in_film
17867	494405	27	London	London_sewerage_system
17867	482679	15	London	Londres
17867	381880	179	London	Lord's_Cricket_Ground
17867	2839833	31	London	Lord_Lieutenant_of_Greater_London
17867	376131	36	London	Lord_Mayor's_Show
17867	40339	53	London	Lord_Mayor_of_London
17867	368388	31	London	Loughton
17867	16622165	32	London	Lower_Thames_and_Medway_Passenger_Boat_Company
17867	418147	121	London	Lud_son_of_Heli
17867	17885	147	London	Luftwaffe
17867	9484952	31	London	Luton/Dunstable_Urban_Area
17867	17515	22	London	Luxembourg
17867	57035	20	London	Luxembourg_(city)
17867	21380329	26	London	Madame_Tussauds_London
17867	40233	37	London	Madness_(band)
17867	41188263	149	London	Madrid
17867	15580374	474	London	Main_Page
17867	3607937	12	London	Malaysia
17867	19137	24	London	Malta
17867	169208	35	London	Marsh
17867	77856	47	London	Mary_Poppins_(film)
17867	24324929	34	London	Marylebone
17867	34397040	48	London	Mayor's_Office_for_Policing_and_Crime
17867	19006	24	London	Mediterranean_Sea
17867	10890716	20	London	Member_state_of_the_European_Union
17867	191291	23	London	Methodist_Central_Hall_Westminster
17867	754435	29	London	Metrobus_(South_East_England)
17867	192450	83	London	Metropolitan_Police_Service
17867	18987	32	London	Mexico_City
17867	69169	30	London	Millennium_Bridge,_London
17867	10829991	47	London	Mixed_(United_Kingdom_ethnicity_category)
17867	50530	41	London	Mole_(animal)
17867	19261	17	London	Monaco
17867	20760	14	London	Montenegro
17867	19004	194	London	Moscow
17867	381286	26	London	Museum_of_London
17867	1000530	18	London	Nagorno-Karabakh_Republic
17867	55880	62	London	Naples
17867	2654679	40	London	National_Grid_plc
17867	333753	174	London	National_Maritime_Museum
17867	31986697	31	London	New_College_of_the_Humanities
17867	373641	30	London	New_Cross
17867	3585578	45	London	New_Year's_Day_Parade
17867	645042	350	London	New_York_City
17867	4913064	17	London	New_Zealand
17867	3919711	32	London	Newham_Sixth_Form_College
17867	1193957	21	London	North_Nicosia
17867	21179	34	London	North_Sea
17867	159865	17	London	Northern_Europe
17867	94196	29	London	Northwood,_London
17867	241103	47	London	Notting_Hill_Carnival
17867	560047	205	London	Oceanic_climate
17867	324029	50	London	Office_for_National_Statistics
17867	5139874	72	London	Old_European_hydronymy
17867	22576	54	London	Olympic_Games
17867	2179597	22	London	Olympic_Stadium_(London)
17867	2955470	25	London	OpenStreetMap
17867	94205	33	London	Orpington
17867	52230	22	London	Osaka
17867	23608206	188	London	Outline_of_England
17867	22308	90	London	Oxford
17867	357398	24	London	Oxo_Tower
17867	94211	37	London	Paddington
17867	23235	26	London	Pakistan
17867	71098	47	London	Palmate_newt
17867	5598260	90	London	Parks_and_open_spaces_in_London
17867	13964	102	London	Parliament_of_the_United_Kingdom
17867	25103932	114	London	Pea_soup_fog
17867	94222	28	London	Penge
17867	26180539	30	London	Peter_Ackroyd
17867	982199	37	London	Peter_Pan_(1953_film)
17867	94235	33	London	Pinner
17867	294848	44	London	Port_of_London_Authority
17867	249594	69	London	Portland_stone
17867	395984	25	London	Portobello_Road
17867	11250	137	London	Premier_League
17867	24150	60	London	Prime_Minister_of_the_United_Kingdom
17867	221554	40	London	Psychogeography
17867	5260335	31	London	Quality_Line
17867	2069118	23	London	Queen's_Gallery
17867	682330	43	London	Queen's_Official_Birthday
17867	84588	109	London	Queens_Park_Rangers_F.C.
17867	1154378	30	London	Queensway,_London
17867	656843	29	London	RAF_Northolt
17867	22977424	33	London	RFU_Championship
17867	1422708	50	London	RM_postcode_area
17867	3813377	30	London	Railway_Gazette_International
17867	3268503	31	London	Reading/Wokingham_Urban_Area
17867	779725	47	London	Red_deer
17867	26374150	31	London	Redbridge_College
17867	349436	30	London	Redhill,_Surrey
17867	445529	32	London	Regent's_Canal
17867	254092	61	London	Regent's_Park
17867	229189	24	London	Regent_Street
17867	25520	25	London	Reggae
17867	23487696	238	London	Regions_of_England
17867	25798	29	London	Reykjavík
17867	504054	20	London	Rhine-Ruhr
17867	211228	32	London	Richmond,_London
17867	2145867	22	London	Richmond,_The_American_International_University_in_London
17867	26374664	31	London	Richmond_Adult_Community_College
17867	150742	60	London	Richmond_Park
17867	25508	20	London	Riga
17867	49031	1003	London	River_Thames
17867	301689	29	London	Rochford
17867	25507	352	London	Roman_Empire
17867	52686	29	London	Romanesque_architecture
17867	670613	31	London	Romford_railway_station
17867	161778	23	London	Royal_Academy_of_Arts
17867	421601	56	London	Royal_Exchange,_London
17867	392195	19	London	Royal_Festival_Hall
17867	43989	226	London	Royal_Observatory,_Greenwich
17867	277882	85	London	Royal_Opera_House
17867	210366	80	London	Royal_Parks_of_London
17867	167819	37	London	Royal_Philharmonic_Orchestra
17867	349538	29	London	Royal_Tunbridge_Wells
17867	25735	31	London	Rugby_league
17867	516156	44	London	Sadler's_Wells_Theatre
17867	6602569	31	London	Saint_Francis_Xavier_College_(England)
17867	796861	22	London	Saint_Peter_Port
17867	48594	67	London	Samuel_Johnson
17867	49728	24	London	San_Francisco
17867	208804	30	London	Sandhurst,_Berkshire
17867	108163	26	London	Santa_Clara,_California
17867	26786	23	London	Sarajevo
17867	26994	88	London	Scotland
17867	1173803	42	London	Scrooge_(1951_film)
17867	38134	34	London	Seal_(musician)
17867	380886	71	London	Selfridges
17867	37770	23	London	Seville
17867	230257	22	London	Shaftesbury_Avenue
17867	2088415	45	London	Shepherd's_Bush_Empire
17867	27159	52	London	Sherlock_Holmes
17867	29405	31	London	Sikh
17867	27318	25	London	Singapore
17867	6852323	31	London	Sir_George_Monoux_College
17867	29618	22	London	Skopje
17867	45221	30	London	Slough
17867	26830	15	London	Slovakia
17867	71097	78	London	Smooth_newt
17867	252567	28	London	Snodland
17867	57644	32	London	Sofia
17867	361484	40	London	South_Circular_Road
17867	52926	66	London	South_East_England
17867	27019	13	London	South_Korea
17867	234459	32	London	South_West_Trains
17867	3255331	30	London	Southborough,_Kent
17867	26667	40	London	Spain
17867	10986627	49	London	Spaniards_in_the_United_Kingdom
17867	53017	35	London	Special_effect
17867	28480	39	London	Spice_Girls
17867	27687	17	London	St._Louis
17867	643303	133	London	St_Andrew_Undershaft
17867	1919470	24	London	St_Bartholomew's_Hospital
17867	26378378	31	London	St_Charles_Catholic_Sixth_Form_College
17867	15929992	31	London	St_Dominic's_Sixth_Form_College
17867	666456	28	London	Stamford_Bridge_(stadium)
17867	94293	53	London	Stamford_Hill
17867	94295	48	London	Stanmore
17867	4907474	63	London	Stanmore_and_Canons_Park_Synagogue
17867	860648	46	London	Stella_McCartney
17867	26741	67	London	Stockholm
17867	94303	29	London	Stoke_Newington
17867	28181	31	London	Strait_of_Gibraltar
17867	314644	20	London	Strand,_London
17867	20133048	22	London	Strata_SE1
17867	370062	30	London	Stratford_station
17867	2191114	46	London	Street_party
17867	849410	30	London	Strood
17867	28565	21	London	Stuttgart
17867	103151	43	London	Subterranean_rivers_of_London
17867	4305442	18	London	Sukhumi
17867	39672605	69	London	Sunshine_duration
17867	48189	59	London	Surrey
17867	1077077	29	London	Swanley
17867	5058739	25	London	Sweden
17867	42298	18	London	Tbilisi
17867	16621293	31	London	Thames_Executive_Charters
17867	2655237	44	London	Thames_Path
17867	27587678	22	London	Thames_Street,_London
17867	355118	48	London	Thames_Valley
17867	36297545	29	London	Thameslink_and_Great_Northern
17867	94316	31	London	Thamesmead
17867	29812	47	London	The_Beatles
17867	112274	466	London	The_Blitz
17867	7627	27	London	The_Canterbury_Tales
17867	17060962	30	London	The_College_of_Haringey,_Enfield_and_North_East_London
17867	19344515	13	London	The_Guardian
17867	30269	17	London	The_Hague
17867	103958	12	London	The_Independent
17867	26391165	33	London	The_Marine_Society_College_of_the_Sea
17867	569595	20	London	The_National_Archives_(United_Kingdom)
17867	21235144	36	London	The_Prodigy
17867	159359	42	London	The_Proms
17867	31056	32	London	The_Rolling_Stones
17867	424303	40	London	The_Tabard
17867	31035	33	London	Thomas_Wolsey
17867	2084194	29	London	Thundersley
17867	50821	24	London	Tianjin
17867	30718	41	London	Tide
17867	540060	29	London	Tilbury
17867	30057	190	London	Tokyo
17867	31185	25	London	Tonne
17867	441716	35	London	Tower_Hamlets_College
17867	62107	516	London	Trafalgar_Square
17867	31145	100	London	Transport_for_London
17867	382036	29	London	Tring
17867	385839	33	London	Trooping_the_Colour
17867	11474756	29	London	Tudor_London
17867	2347662	49	London	Tudor_architecture
17867	11125639	21	London	Turkey
17867	43979	21	London	Tórshavn
17867	3348837	36	London	UCL_Medical_School
17867	30020626	41	London	UK_Power_Networks
17867	6127993	62	London	UTC±00:00
17867	598424	51	London	University_College_School
17867	26609273	40	London	University_of_the_Arts_London
17867	4236723	30	London	Uno_(bus_company)
17867	32236	208	London	Urban_heat_island
17867	94342	26	London	Uxbridge
17867	59036	31	London	Vaduz
17867	94344	31	London	Vauxhall
17867	341496	121	London	Vauxhall_Bridge
17867	32616	18	London	Venice
17867	380403	22	London	Victoria_Embankment
17867	97275	237	London	Victoria_and_Albert_Museum
17867	521613	41	London	Victorian_architecture
17867	32798	37	London	Victorian_era
17867	897576	66	London	Vipera_berus
17867	2652262	66	London	Walking_in_London
17867	503352	28	London	Ware,_Hertfordshire
17867	198683	37	London	Warlord
17867	32908	48	London	Warsaw
17867	3411336	43	London	Waste_disposal_authorities_in_London
17867	38373813	123	London	Water_supply_and_sanitation_in_London
17867	7838991	32	London	Waterloo,_London
17867	94375	30	London	Welling
17867	346496	27	London	Welwyn_Garden_City
17867	94377	65	London	Wembley
17867	596136	40	London	Wembley_Arena
17867	3681160	31	London	West_Cross_Route
17867	69887	166	London	West_End_of_London
17867	46417	159	London	West_Ham_United_F.C.
17867	143062	29	London	West_Sussex
17867	399656	19	London	Western_Asia
17867	33800	13	London	Western_Europe
17867	2234932	22	London	Westfield_Stratford_City
17867	37432	49	London	Westminster
17867	354633	26	London	Westminster_tube_station
17867	296108	30	London	Westway,_London
17867	102024	32	London	Wetland
17867	6533017	89	London	White_British
17867	963915	22	London	White_Hart_Lane
17867	94389	28	London	Willesden
17867	33917	80	London	William_the_Conqueror
17867	476312	31	London	Wimbledon_station
17867	355325	27	London	Windsor,_Berkshire
17867	7044319	33	London	Windsor_House,_London
17867	1849187	38	London	Wireless_Festival
17867	23964752	28	London	Woking
17867	94296	31	London	Wood_Green
17867	333745	39	London	Woolwich_Ferry
17867	510609	38	London	Working_Title_Films
17867	33167241	555	London	World's_busiest_city_airport_systems_by_passenger_traffic
17867	14649921	623	London	World's_largest_cities
17867	34073	45	London	World_Games
17867	7425456	29	London	World_Games_1989
17867	7425758	27	London	World_Games_2001
17867	16488920	28	London	World_Games_2013
17867	44940	317	London	World_Heritage_Site
17867	4764461	12	London	World_War_I
17867	33603	22	London	Wrocław
17867	408212	28	London	Yateley
17867	34352	23	London	Yerevan
17867	179326	41	London	101_Dalmatians_(1996_film)
17867	48644	19	London	1896_Summer_Olympics
17867	14563363	31	London	18th-century_London
17867	113485	20	London	1920_Summer_Olympics
17867	84727	19	London	1932_Summer_Olympics
17867	178225	58	London	1934_British_Empire_Games
17867	39721	20	London	1936_Summer_Olympics
17867	169516	19	London	1944_Summer_Olympics
17867	42196	72	London	1948_Summer_Olympics
17867	1005999	25	London	1974_British_Commonwealth_Games
17867	82785	18	London	1980_Summer_Olympics
17867	1230197	74	London	1981_Brixton_riot
17867	1006015	28	London	1982_Commonwealth_Games
17867	1006029	29	London	1986_Commonwealth_Games
17867	82755	17	London	1992_Summer_Olympics
17867	921902	28	London	1994_Commonwealth_Games
17867	585316	26	London	1998_Commonwealth_Games
17867	77741	17	London	2004_Summer_Olympics
17867	178745	25	London	2006_Commonwealth_Games
17867	77745	15	London	2008_Summer_Olympics
17867	4073750	25	London	2011_World_Championships_in_Athletics
17867	4550726	25	London	2013_World_Championships_in_Athletics
17867	26599931	24	London	2015_World_Championships_in_Athletics
17867	961522	26	London	2016_Summer_Olympics
17867	32967952	55	London	2017_World_Championships_in_Athletics
17867	185633	633	London	30_St_Mary_Axe
17867	352506	37	London	A_Journal_of_the_Plague_Year
17867	140630	98	London	Abbey_Road_Studios
17867	24910092	32	London	Abellio_(London_&_Surrey)
17867	18933375	19	London	Abkhazia
17867	4190364	34	London	Academy_of_Live_and_Recorded_Arts
17867	2104298	29	London	Addlestone
17867	13041163	46	London	Adele
17867	234035	27	London	Admiralty_Arch
17867	18744907	50	London	Afghans_in_the_United_Kingdom
17867	740706	44	London	Ahmadiyya_Muslim_Community
17867	30089399	29	London	Airports_Council_International
17867	981	26	London	Alps
17867	147587	29	London	Amersham
17867	844	107	London	Amsterdam
17867	521555	24	London	Ancient_Rome
17867	3734007	33	London	Anerley
17867	30738823	38	London	Angel,_London
17867	1214	32	London	Anglicanism
17867	24222749	42	London	Anglo-Saxon_Chronicle
17867	18951905	16	London	Argentina
17867	2193283	32	London	Arriva_Shires_&_Essex
17867	2174	206	London	Arsenal_F.C.
17867	821604	29	London	Ashford,_Surrey
17867	4689264	40	London	Australia
17867	26964606	23	London	Austria
17867	19344654	46	London	BBC
17867	33573982	83	London	BBC_Radio_1Xtra
17867	670465	162	London	BBC_Television_Centre
17867	4261879	59	London	Baitul_Futuh
17867	317064	44	London	Balance_of_payments
17867	3454	24	London	Bangladesh
17867	358175	43	London	Bankside_Power_Station
17867	209962	49	London	Barbican_Estate
17867	358393	30	London	Barking
17867	548994	32	London	Barking_station
17867	1358633	29	London	Barnet_and_Southgate_College
17867	206423	28	London	Basildon
17867	125745	96	London	Battersea_Power_Station
17867	69769	38	London	Bedfordshire
17867	18603746	78	London	Beijing
17867	5046	32	London	Belfast
17867	55904	25	London	Belgrade
17867	48261	23	London	Ben_Jonson
17867	3354	332	London	Berlin
17867	49749	20	London	Bern
17867	12987022	31	London	Bexley_College
17867	350349	28	London	Billericay
17867	13882056	262	London	Birmingham
17867	380826	19	London	Bishopsgate
17867	3360481	83	London	Black_British
17867	4501	100	London	Black_Death
17867	211271	22	London	Bogotá
17867	354326	24	London	Borough_Market
17867	743222	30	London	Bow,_London
17867	302268	30	London	Bracknell
17867	13707222	68	London	Brazilians_in_the_United_Kingdom
17867	49796	63	London	Brighton
17867	36741	82	London	Bristol
17867	3970	52	London	British_Airways
17867	31730	27	London	British_Armed_Forces
17867	4887	28	London	British_Army
17867	10748937	54	London	British_Indian
17867	5380456	68	London	British_Jews
17867	18934361	130	London	British_Library
17867	2439010	52	London	British_Summer_Time
17867	325024	47	London	British_Transport_Police
17867	174230	46	London	Brownfield_land
17867	852477	30	London	Buckhurst_Hill
17867	3969	1291	London	Buckingham_Palace
17867	3267529	32	London	Buddhism
17867	3415	15	London	Bulgaria
17867	1432927	22	London	Burlington_Arcade
17867	171768	34	London	Bush_(band)
17867	247003	40	London	Business_jet
17867	15895358	16	London	Calgary
17867	93907	30	London	Camberwell
17867	36995	73	London	Cambridge
17867	5042916	38	London	Canada
17867	301581	32	London	Canary_Wharf_tube_station
17867	2412660	35	London	Capital_Ring
17867	26362673	31	London	Carshalton_College
17867	1627662	51	London	Cass_Business_School
17867	93916	31	London	Catford
17867	5188	16	London	Central_Europe
17867	424305	303	London	Central_London
17867	558736	31	London	Chadwell_Heath
17867	5702	38	London	Channel_Tunnel
17867	53113	38	London	Charing_Cross
17867	357320	30	London	Charlton,_London
17867	176833	31	London	Chelmsford
17867	310113	71	London	Chelsea,_London
17867	915197	31	London	Chertsey
17867	93925	30	London	Chessington
17867	6886	94	London	Chicago
17867	549615	30	London	Chigwell
17867	184058	34	London	Chiltern_Railways
17867	93931	37	London	Chiswick
17867	56635	22	London	Chișinău
17867	171752	23	London	Chongqing
17867	628782	30	London	Christchurch
17867	12096918	31	London	City_Literary_Institute
17867	382385	29	London	City_Thameslink_railway_station
17867	380823	73	London	City_of_London_Police
17867	528567	60	London	City_of_London_School
17867	406962	20	London	City_of_San_Marino
17867	15879473	30	London	City_of_Westminster_College
17867	70841	179	London	City_status_in_the_United_Kingdom
17867	577650	22	London	Clapham_Common
17867	390943	25	London	Clarence_House
17867	1591735	50	London	Clean_Air_Act_1956
17867	39884	264	London	Cockney
17867	264105	128	London	Colchester
17867	80103	31	London	Coldplay
17867	11849847	32	London	College_of_North_West_London
17867	5222	13	London	Colombia
17867	93940	33	London	Coulsdon
17867	357458	123	London	County_of_London
17867	1042769	37	London	Court_of_Aldermen
17867	533442	35	London	Courtauld_Institute_of_Art
17867	93954	29	London	Cricklewood
17867	5573	17	London	Croatia
17867	491650	59	London	Croydon
17867	8820725	31	London	Croydon_College
17867	93961	33	London	Crystal_Palace,_London
17867	2336839	254	London	Culture_of_London
17867	177023	26	London	Cutty_Sark
17867	5593	22	London	Cyprus
17867	2390235	50	London	DA_postcode_area
17867	93970	32	London	Dalston
17867	171003	46	London	Daniel_Day-Lewis
17867	8786	32	London	David_Bowie
17867	4972737	996	London	Demographics_of_London
17867	93977	31	London	Deptford
17867	352492	124	London	Districts_of_England
17867	368553	19	London	Douglas,_Isle_of_Man
17867	14660986	31	London	Dunstable
17867	543777	34	London	ESCP_Europe
17867	672708	117	London	E_postcode_area
17867	150301	33	London	Ealing
17867	8467859	46	London	Ealing,_Hammersmith_and_West_London_College
17867	166395	33	London	Ealing_Studios
17867	429663	31	London	Earley
17867	622107	32	London	East_Croydon_station
17867	95405	29	London	Edmonton
17867	234196	35	London	Elephant_and_Castle
17867	12153654	111	London	Elizabeth_II
17867	30873357	30	London	Elmers_End
17867	52975	36	London	Emergency_medical_services
17867	511456	26	London	Empire,_Leicester_Square
17867	9316	4918	London	England
17867	9904	53	London	England_national_football_team
17867	2407393	42	London	English_National_Ballet
17867	93994	29	London	Erith
17867	40100758	78	London	Essex
17867	19149550	546	London	Ethnic_groups_in_London
17867	10093	62	London	Eurostar
17867	2434441	29	London	Ewell
17867	2706210	38	London	FA_Cup_Final
17867	372791	32	London	Farringdon_station
17867	1395648	23	London	Fenchurch_Street
17867	66154	44	London	Festival_of_Britain
17867	10215216	53	London	Filipinos_in_the_United_Kingdom
17867	6418587	337	London	Financial_centre
17867	2299479	66	London	Financial_export
17867	94001	39	London	Finchley
17867	10577	23	London	Finland
17867	771970	34	London	First_Great_Western
17867	1617901	31	London	First_Hull_Trains
17867	235245	29	London	Fleet,_Hampshire
17867	11787	34	London	Fleetwood_Mac
17867	70117	31	London	Floodplain
17867	1763450	24	London	Fortnum_&_Mason
17867	1029003	23	London	Foshan
17867	932268	30	London	Franco-British_Exhibition_(1908)
17867	10992	32	London	Frankfurt
17867	12521	12	London	Geneva
17867	12459375	136	London	GeoTLD
17867	7607314	16	London	Gibraltar
17867	68736	149	London	Glasgow
17867	59251	27	London	Gold_Coast,_Queensland
17867	400008	26	London	Golden_Hind
17867	25318118	74	London	Government_of_the_United_Kingdom
17867	43818986	32	London	Govia_Thameslink_Railway
17867	7669549	644	London	Great_Fire_of_London
17867	12286	86	London	Great_Plague_of_London
17867	294378	113	London	Great_Smog
17867	692786	25	London	Greater_Buenos_Aires
17867	3898541	35	London	Greater_London_Authority_Act_1999
17867	354951	40	London	Greater_Tokyo_Area
17867	229181	36	London	Green_Park
17867	95840	438	London	Greenwich
17867	333732	35	London	Greenwich_Park
17867	563035	35	London	Greenwich_Peninsula
17867	77783	30	London	Guildford
17867	88426	47	London	Guildhall_School_of_Music_and_Drama
17867	163042	43	London	Guthrum
17867	211215	31	London	Hackney_College
17867	14288	24	London	Hamilton,_Ontario
17867	800390	22	London	Hamleys
17867	192166	39	London	Hammersmith
17867	2264813	48	London	Hampton_Court_Park
17867	349345	30	London	Harlow
17867	266910	270	London	Harrods
17867	1239988	30	London	Harrow_College
17867	188956	48	London	Harrow_School
17867	342109	28	London	Haywards_Heath
17867	621759	32	London	Heathrow_Airport_Holdings
17867	2265259	32	London	Heathrow_Connect
17867	229763	33	London	Heathrow_Express
17867	230698	33	London	Helen_Mirren
17867	508151	46	London	Her_Majesty's_Coastguard
17867	361232	29	London	Hertford
17867	13986	49	London	Hertfordshire
17867	11915785	53	London	High_Speed_2
17867	94094	31	London	Highbury
17867	94097	29	London	Highgate
17867	2632114	35	London	Hip_hop
17867	14020	1414	London	History_of_London
17867	10436303	54	London	History_of_local_government_in_London
17867	1243934	30	London	History_of_the_London_Underground
17867	22423554	30	London	History_of_the_Metropolitan_Police_Service
17867	306733	30	London	Hitchin
17867	66956	25	London	Ho_Chi_Minh_City
17867	593779	23	London	Holland_Park
17867	94105	31	London	Holloway,_London
17867	1582306	30	London	Horley
17867	1522441	24	London	Horse_Guards_(building)
17867	25009206	35	London	Hult_International_Business_School
17867	1426190	47	London	IG_postcode_area
17867	94120	31	London	Ickenham
17867	61116	129	London	Imperial_College_London
17867	2244729	41	London	Imperial_College_School_of_Medicine
17867	187432	302	London	Imperial_War_Museum
17867	68074	23	London	Incheon
17867	14579	12	London	Indonesia
17867	249111	38	London	Inns_of_Court
17867	15147	21	London	International_Olympic_Committee
17867	234930	14	London	International_Standard_Serial_Number
17867	14653	18	London	Iran
17867	6037917	69	London	Islam
17867	94123	30	London	Isle_of_Dogs
17867	14727	16	London	Isle_of_Man
17867	95855	49	London	Islington
17867	16275	23	London	Jakarta
17867	15660	38	London	Jamaica
17867	15673	19	London	Jan_Mayen
17867	15573	28	London	Japan
17867	366337	31	London	John_Ruskin_College
17867	105036	24	London	Karlsruhe
17867	94128	33	London	Kennington
17867	236746	68	London	Kensington_Gardens
17867	422889	24	London	Kensington_High_Street
17867	1709000	29	London	Kenwood_House
17867	1328596	23	London	Kew_Palace
17867	158483	180	London	King's_College_London
17867	94557	43	London	Kings_Cross,_London
17867	37408	27	London	Kingston,_Jamaica
17867	16876	29	London	Kingston_upon_Thames
17867	59056	24	London	Kobe
17867	16854	22	London	Kuala_Lumpur
17867	484254	40	London	Köppen_climate_classification
17867	19279158	43	London	Labour_Party_(UK)
17867	85232	33	London	Lagos
17867	125315	30	London	Lahore
17867	298747	32	London	Lambeth
17867	31645814	30	London	Lansdowne_College
17867	1328257	399	London	Largest_cities_of_the_European_Union_by_population_within_city_limits
17867	910770	833	London	Largest_urban_areas_of_the_European_Union
17867	17514	15	London	Latvia
17867	8262427	77	London	Leeds
17867	367403	30	London	Leighton_Buzzard
17867	24502480	28	London	Letchworth
17867	253414	34	London	Lewisham
17867	4417308	31	London	Lewisham_Southwark_College
17867	18933007	44	London	Liberal_Democrats
17867	17810	15	London	Liechtenstein
17867	18091	44	London	Lisbon
17867	11015817	25	London	List_of_Olympic_Games_host_cities
17867	11915713	135	London	List_of_areas_of_London
17867	39857195	423	London	List_of_companies_based_in_London
17867	14829654	34	London	List_of_cycle_routes_in_London
17867	18635631	32	London	List_of_districts_in_Bexley
17867	18635379	31	London	List_of_districts_in_Camden
17867	13252907	34	London	List_of_districts_in_Croydon
17867	18635584	33	London	List_of_districts_in_Hounslow
17867	11945808	31	London	List_of_districts_in_Islington
17867	18635599	31	London	List_of_districts_in_Kensington_and_Chelsea
17867	18635689	32	London	List_of_districts_in_Merton
17867	18635720	30	London	List_of_districts_in_Newham
17867	18635640	32	London	List_of_districts_in_Richmond_upon_Thames
17867	18635297	31	London	List_of_districts_in_Sutton
17867	11945675	31	London	List_of_districts_in_Tower_Hamlets
17867	267974	154	London	List_of_metropolitan_areas_in_Europe
17867	43104586	341	London	List_of_restaurants_in_London
17867	68253	135	London	List_of_sovereign_states
17867	10728418	55	London	List_of_tallest_buildings_in_the_European_Union
17867	1793038	619	London	List_of_twin_towns_and_sister_cities_in_the_United_Kingdom
17867	1730051	45	London	List_of_universities_and_higher_education_colleges_in_London
17867	42374	21	London	Ljubljana
17867	152061	56	London	Lloyd's_of_London
17867	9441774	21	London	Location_of_European_Union_institutions
17867	30876010	23	London	Lombard_Street,_London
17867	2954499	37	London	London_Ambulance_Service
17867	94347	159	London	London_Borough_of_Brent
17867	95390	217	London	London_Borough_of_Hammersmith_and_Fulham
17867	94306	132	London	London_Borough_of_Haringey
17867	94427	151	London	London_Borough_of_Harrow
17867	94502	131	London	London_Borough_of_Havering
17867	95371	147	London	London_Borough_of_Richmond_upon_Thames
17867	94458	125	London	London_Borough_of_Waltham_Forest
17867	95361	172	London	London_Borough_of_Wandsworth
17867	209309	31	London	London_Bridge_station
17867	2483197	32	London	London_City_Airport_DLR_station
17867	625674	48	London	London_Coliseum
17867	2272579	42	London	London_Cycling_Campaign
17867	13595	604	London	London_Heathrow_Airport
17867	16901609	72	London	London_Heathrow_Terminal_5
17867	18675756	44	London	London_Jewish_Forum
17867	87679	24	London	London_King's_Cross_railway_station
17867	163157	48	London	London_Metropolitan_University
17867	1294089	41	London	London_Outer_Orbital_Path
17867	5328241	69	London	London_Overground
17867	3459405	42	London	London_Plan
17867	1177888	32	London	London_Rail
17867	867432	41	London	London_Scottish_F.C.
17867	1042320	43	London	London_Skolars
17867	197867	80	London	London_Stock_Exchange
17867	78377	45	London	London_Waterloo_station
17867	179439	58	London	London_congestion_charge
17867	33616166	68	London	London_fare_zones
17867	26861572	35	London	London_local_elections,_2010
17867	3728143	76	London	London_station_group
17867	3049157	54	London	London_stock_brick
17867	51402	39	London	Low_Countries
17867	1316635	43	London	Lower_Lea_Valley
17867	8638634	11	London	Lyon
17867	158725	31	London	M11_motorway
17867	206965	30	London	M4_motorway
17867	158466	414	London	Madame_Tussauds
17867	206470	27	London	Maidenhead
17867	188282	28	London	Maidstone
17867	20206	348	London	Manchester
17867	45470	16	London	Manhattan
17867	184334	28	London	Manila
17867	418638	29	London	Manor_Park,_London
17867	352348	49	London	Marble_Arch
17867	410223	31	London	Marlow,_Buckinghamshire
17867	182911	22	London	Marylebone_station
17867	218770	30	London	Medway
17867	274273	54	London	Metro_station
17867	349417	46	London	Metropolitan_Board_of_Works
17867	28719699	87	London	Metropolitan_Green_Belt
17867	2801742	297	London	Metropolitan_and_non-metropolitan_counties_of_England
17867	24251498	57	London	Metropolitan_boroughs_of_the_County_of_London
17867	61479	39	London	Michael_Caine
17867	18836	169	London	Middle_Ages
17867	147635	51	London	Middlesex
17867	822103	39	London	Middlesex_County_Cricket_Club
17867	323147	24	London	Millbank_Tower
17867	39763	115	London	Millennium_Dome
17867	51593	21	London	Minsk
17867	4522641	22	London	Mitcham_Common
17867	47063	48	London	Monarchy_of_the_United_Kingdom
17867	7954681	33	London	Montreal
17867	382247	31	London	Monument_to_the_Great_Fire_of_London
17867	2573699	29	London	Morley_College
17867	94178	33	London	Mortlake
17867	4825956	260	London	Multicultural_London_English
17867	19189	47	London	Mumbai
17867	19058	36	London	Munich
17867	94184	33	London	Muswell_Hill
17867	7417890	81	London	NW_postcode_area
17867	10102495	53	London	N_postcode_area
17867	257235	33	London	Nag's_Head,_London
17867	98616	460	London	National_Gallery
17867	16462572	31	London	National_Health_Service
17867	1682171	36	London	Navigability
17867	210610	49	London	Nelson's_Column
17867	2393552	32	London	New_World
17867	309890	32	London	New_York_metropolitan_area
17867	3597289	18	London	Newcastle
17867	70348	36	London	Newcastle_upon_Tyne
17867	17072556	32	London	Newham_College_of_Further_Education
17867	21383	13	London	Nigeria
17867	44062657	33	London	Night_Tube
17867	361376	37	London	North_Circular_Road
17867	12680964	36	London	North_Greenwich_Pier
17867	380308	47	London	North_London
17867	271409	17	London	Northern_Cyprus
17867	883885	14	London	OCLC
17867	513408	23	London	Odeon_Leicester_Square
17867	229046	54	London	Old_Bailey
17867	626916	39	London	Oliver_Twist_(1948_film)
17867	4026384	23	London	Olonkinbyen
17867	29282209	20	London	One_New_Change
17867	981796	32	London	Orpington_railway_station
17867	13275175	92	London	Other_White
17867	22219	14	London	Ottawa
17867	241568	31	London	Oxford_Circus_tube_station
17867	37461386	37	London	Oxford_Rugby_League
17867	229195	79	London	Oxford_Street
17867	509021	34	London	Oyster_card
17867	24170	1442	London	Palace_of_Westminster
17867	323722	29	London	Palace_of_Whitehall
17867	22989	1088	London	Paris
17867	192929	22	London	Park_Lane,_London
17867	650590	21	London	Parliament_Square
17867	182113	31	London	Parliamentary_system
17867	50585	14	London	Philadelphia
17867	23440	20	London	Philippines
17867	229183	24	London	Piccadilly
17867	149996	34	London	Pipe_organ
17867	22936	17	London	Poland
17867	94247	27	London	Poplar,_London
17867	24297671	71	London	Popular_music
17867	23033	27	London	Portugal
17867	166849	34	London	Post-production
17867	367448	31	London	Potters_Bar
17867	23844	55	London	Prague
17867	286260	55	London	Precipitation
17867	23295	31	London	Printing_press
17867	15839892	21	London	Pristina
17867	1184222	42	London	Professional_services
17867	23037	39	London	Punk_rock
17867	94254	31	London	Purley,_London
17867	94255	31	London	Putney
17867	42010	32	London	Queen_(band)
17867	18361733	265	London	Rapid_transit
17867	43980	31	London	Reading,_Berkshire
17867	3966528	31	London	Regent's_University_London
17867	5091483	237	London	Religion_in_London
17867	14560	24	London	Republic_of_Ireland
17867	389973	46	London	Richard_Coates
17867	407332	28	London	Rickmansworth
17867	25936	38	London	Rio_de_Janeiro
17867	297784	109	London	River_Effra
17867	218768	28	London	Rochester,_Kent
17867	105407	33	London	Rod_Stewart
17867	94261	33	London	Roehampton
17867	13525	51	London	Roman_Britain
17867	25458	170	London	Rome
17867	21044497	45	London	Rosslyn_Park_F.C.
17867	94266	32	London	Rotherhithe
17867	94012	164	London	Royal_Borough_of_Kingston_upon_Thames
17867	26304	21	London	Royal_Botanic_Gardens,_Kew
17867	269757	34	London	Royal_College_of_Art
17867	8914475	34	London	Royal_Holloway,_University_of_London
17867	533398	34	London	Royal_Veterinary_College
17867	866706	39	London	Sade_(band)
17867	7115752	42	London	Scotia_Gas_Networks
17867	27158	26	London	Scotland_Yard
17867	11388236	36	London	Seattle
17867	19159283	45	London	Seoul
17867	290502	32	London	Seven_Sisters,_London
17867	339728	31	London	Sevenoaks
17867	2116548	26	London	Shakespeare's_Globe
17867	88885	44	London	Sheffield
17867	379250	22	London	Shell_Centre
17867	850475	51	London	Shelter_(charity)
17867	83368	25	London	Shenzhen
17867	234275	30	London	Shepherd's_Bush
17867	892954	30	London	Shepperton
17867	94278	31	London	Shoreditch
17867	27964	77	London	Sikhism
17867	27338	12	London	Slovenia
17867	977396	41	London	Sobriquet
17867	146717	40	London	Social_work
17867	39616	77	London	Soho
17867	27358	28	London	Somalia
17867	251339	39	London	Somers_Town,_London
17867	466528	23	London	Somerset_House
17867	17416221	14	London	South_Africa
17867	373622	69	London	South_London
17867	318381	19	London	South_Ossetia
17867	94288	35	London	Southall
17867	206431	30	London	Southend-on-Sea
17867	171756	32	London	Southern_(train_operating_company)
17867	410666	19	London	Southern_Europe
17867	54062	103	London	Southwark
17867	26779	16	London	Soviet_Union
17867	3561988	432	London	Sport_in_London
17867	5641003	26	London	Squares_in_London
17867	26750	18	London	Sri_Lanka
17867	390893	129	London	St._James's_Park
17867	28523	27	London	St_Albans
17867	347356	24	London	St_James's_Palace
17867	650575	461	London	St_Margaret's,_Westminster
17867	1710314	30	London	St_Mary's_University,_Twickenham
17867	311178	152	London	St_Pancras_railway_station
17867	102198	572	London	St_Paul's_Cathedral
17867	20518515	31	London	Stanmore_College
17867	1165929	29	London	Stanwell
17867	26783	34	London	Statute
17867	94305	28	London	Stratford,_London
17867	27566	436	London	Summer_Olympic_Games
17867	490301	29	London	Sunbury-on-Thames
17867	1674349	31	London	Surbiton_railway_station
17867	766575	35	London	Surrey_County_Cricket_Club
17867	469628	32	London	Surrey_Quays
17867	928126	32	London	Sutton,_London
17867	1638976	32	London	Sutton_(Surrey)_railway_station
17867	5009338	30	London	Sutton_College_of_Learning_for_Adults
17867	94311	30	London	Sydenham
17867	27862	99	London	Sydney
17867	390875	33	London	São_Paulo
17867	25734	15	London	Taiwan
17867	24399437	30	London	Teddington
17867	30863	30	London	Test_cricket
17867	76947	118	London	Thames_Barrier
17867	2186764	50	London	Thames_Clippers
17867	21132177	31	London	Thames_Estuary_Airport
17867	6592621	35	London	The_Alchemist_(play)
17867	247877	42	London	The_Boat_Race
17867	91195	82	London	The_Championships,_Wimbledon
17867	30423	35	London	The_Clash
17867	57568	34	London	The_Cure
17867	50449	16	London	The_Economist
17867	14419588	67	London	The_Football_League
17867	150037	35	London	The_Jam
17867	3158351	35	London	The_Kinks
17867	3020679	42	London	The_London_Studios
17867	1428872	34	London	The_Long_Good_Friday
17867	9936031	24	London	The_O2_Arena
17867	387687	39	London	The_Oval
17867	30770	41	London	The_Troubles
17867	3865528	38	London	Theydon_Bois
17867	383727	22	London	Threadneedle_Street
17867	3944504	54	London	Tideway
17867	94322	28	London	Tolworth
17867	64646	98	London	Toronto
17867	173850	21	London	Tottenham_Court_Road
17867	68198	133	London	Tottenham_Hotspur_F.C.
17867	45371	57	London	Toulouse
17867	188622	59	London	Tower_42
17867	60646	441	London	Tower_Bridge
17867	39064870	31	London	Tower_Transit
17867	31165	1518	London	Tower_of_London
17867	1226424	32	London	Trams_in_London
17867	376581	16	London	Transnistria
17867	5545693	271	London	Transport_in_London
17867	549002	29	London	Travelcard
17867	26070332	45	London	Tributaries_of_the_River_Thames
17867	31197885	30	London	Trolleybuses_in_London
17867	513878	21	London	Tskhinvali
17867	1307053	80	London	Tudor_period
17867	871456	131	London	Twickenham_Stadium
17867	31717	4702	London	United_Kingdom
17867	3434750	28	London	United_States
17867	1524959	33	London	University_and_college_admission
17867	533513	48	London	University_of_East_London
17867	533524	29	London	University_of_Greenwich
17867	31797	19	London	University_of_Oxford
17867	703782	42	London	University_of_West_London
17867	6179123	50	London	University_of_Westminster
17867	1112504	29	London	Upper_Clapton
17867	57664	18	London	Valletta
17867	32408	19	London	Vatican_City
17867	373542	31	London	Vauxhall_station
17867	32388	26	London	Victoria,_British_Columbia
17867	40616772	54	London	Victoria_Borwick
17867	603954	32	London	Victoria_Coach_Station
17867	55866	50	London	Vienna
17867	183230	29	London	Virgin_Trains
17867	32742	30	London	Virginia_Woolf
17867	149006	60	London	Vivienne_Westwood
17867	429528	46	London	Vole
17867	1432918	49	London	WC_postcode_area
17867	7075058	53	London	WD_postcode_area
17867	339918	55	London	W_postcode_area
17867	69894	63	London	Wales
17867	94358	29	London	Walthamstow
17867	94365	29	London	Wandsworth
17867	5519626	19	London	Wandsworth_Common
17867	94370	33	London	Wapping
17867	28057966	36	London	Wards_of_the_City_of_London
17867	360367	26	London	Waterloo_Bridge
17867	94373	31	London	Wealdstone
17867	37595	38	London	Weasel
17867	143673	102	London	Wembley_Stadium_(1923)
17867	5601528	30	London	West_Thames_College
17867	1150237	30	London	Westbourne_Grove
17867	360373	80	London	Westminster_Bridge
17867	391897	79	London	Westminster_Cathedral
17867	166202	47	London	White_people
17867	1092886	28	London	Wickford
17867	33918	42	London	William_II_of_England
17867	94392	61	London	Wimbledon,_London
17867	43412	114	London	Winchester
17867	980133	28	London	Woodley,_Berkshire
17867	2568713	30	London	Worcester_Park
17867	251218	211	London	World's_busiest_airport
17867	7425333	27	London	World_Games_1981
17867	7425486	27	London	World_Games_1993
17867	2248375	28	London	World_Games_2005
17867	32971238	25	London	World_Games_2017
17867	2259080	44	London	Yellow-necked_mouse
17867	34361	33	London	York
17867	55906	25	London	Zagreb
17867	24296405	19	London	Åland_Islands
17867	22437586	91	London	.london
17867	169719	18	London	1900_Summer_Olympics
17867	180200	18	London	1912_Summer_Olympics
17867	169517	22	London	1916_Summer_Olympics
17867	94180	19	London	1924_Summer_Olympics
17867	86224	19	London	1928_Summer_Olympics
17867	178730	27	London	1938_British_Empire_Games
17867	178733	27	London	1950_British_Empire_Games
17867	936056	28	London	1954_British_Empire_and_Commonwealth_Games
17867	996614	30	London	1958_British_Empire_and_Commonwealth_Games
17867	83243	19	London	1960_Summer_Olympics
17867	83112	18	London	1972_Summer_Olympics
17867	1006008	27	London	1978_Commonwealth_Games
17867	801297	25	London	1983_World_Championships_in_Athletics
17867	82762	15	London	1984_Summer_Olympics
17867	801247	26	London	1987_World_Championships_in_Athletics
17867	82757	19	London	1988_Summer_Olympics
17867	72311	18	London	1996_Summer_Olympics
17867	775015	26	London	1997_World_Championships_in_Athletics
17867	774806	24	London	1999_World_Championships_in_Athletics
17867	42152424	44	London	2010_United_Kingdom_general_election_results_in_London
17867	497457	30	London	2012_Summer_Paralympics
17867	1610886	20	London	2020_Summer_Olympics
17867	10471042	23	London	20_Fenchurch_Street
17867	2581581	33	London	Abbey_Wood
17867	1627	17	London	Aberdeen
17867	93846	30	London	Acton,_London
17867	10092915	50	London	Addington_Hills
17867	251188	66	London	Adhan
17867	1465584	307	London	Affordability_of_housing_in_the_United_Kingdom
17867	184436	32	London	Akita,_Akita
17867	25359450	32	London	Alan_Vince
17867	234993	39	London	Albert_Memorial
17867	350241	31	London	Aldershot
17867	318620	23	London	Alexandra_Palace
17867	1640	86	London	Alfred_the_Great
17867	1598742	39	London	All_England_Lawn_Tennis_and_Croquet_Club
17867	93851	32	London	Alperton
17867	13421755	12	London	Americans_in_the_United_Kingdom
17867	939583	40	London	Amy_Winehouse
17867	802	12	London	Ankara
17867	26775738	25	London	ArcelorMittal_Orbit
17867	18951335	32	London	Arthur_Conan_Doyle
17867	10568	57	London	Association_football
17867	1216	48	London	Athens
17867	3138	27	London	Atlanta
17867	18660332	40	London	Auckland
17867	1461578	64	London	BR_postcode_area
17867	180354	22	London	BT_Tower
17867	290462	45	London	Badger
17867	235593	31	London	Baker_Street_tube_station
17867	430705	30	London	Baldock
17867	44275267	11	London	Bangalore
17867	8613053	21	London	Banqueting_House,_Whitehall
17867	4443	79	London	Barcelona
17867	504928	36	London	Barts_and_The_London_School_of_Medicine_and_Dentistry
17867	16616262	32	London	Bateaux_London
17867	70118	14	London	Bath
17867	93865	29	London	Battersea
17867	148651	33	London	Battle_of_Cable_Street
17867	319847	28	London	Beaconsfield
17867	93873	29	London	Beckenham
17867	69772	36	London	Bedford
17867	3457	15	London	Belarus
17867	3343	24	London	Belgium
17867	125253	30	London	Berkhamsted
17867	93885	31	London	Bermondsey
17867	93886	29	London	Bethnal_Green
17867	7290308	109	London	Big_Ben
17867	704022	34	London	Birkbeck,_University_of_London
17867	368377	30	London	Bishop's_Stortford
17867	20993417	31	London	Black_Death_in_England
17867	1438811	23	London	Boleyn_Ground
17867	370048	31	London	Bond_Street_station
17867	24437894	34	London	Boston
17867	251542	82	London	Bow_Street_Runners
17867	709923	23	London	Brent_Cross
17867	14666430	30	London	Brentwood,_Essex
17867	417234	49	London	Brick_Lane
17867	192093	29	London	Brisbane
17867	86124	80	London	Britannia
17867	17268444	39	London	British_Bangladeshi
17867	1255834	51	London	British_Chinese
17867	13666767	47	London	British_Pakistanis
17867	93901	36	London	Brixton
17867	93903	31	London	Brockley
17867	377242	32	London	Bromley
17867	13357144	31	London	Bromley_College_of_Further_&_Higher_Education
17867	1631184	31	London	Bromley_South_railway_station
17867	3708	52	London	Brussels
17867	36877	25	London	Bucharest
17867	480539	22	London	Burgess_Park
17867	391850	49	London	Bushy_Park
17867	1439013	58	London	CR_postcode_area
17867	6293	31	London	Cairo
17867	283965	27	London	Cali
17867	249779	29	London	Camberley
17867	95813	37	London	Camden_Town
17867	1259307	32	London	Canada_Water
17867	185462	432	London	Canary_Wharf
17867	93909	29	London	Canonbury
17867	488861	30	London	Canvey_Island
17867	5882	68	London	Cardiff
17867	18956035	31	London	Caribbean
17867	429221	41	London	Carnaby_Street
17867	93914	47	London	Carshalton
17867	5183633	19	London	Central_Intelligence_Agency
17867	523537	37	London	Central_School_of_Speech_and_Drama
17867	2453505	77	London	Centre_Court
17867	193127	23	London	Centre_Point
17867	357469	133	London	Ceremonial_counties_of_England
17867	5884	45	London	Charles_Dickens
17867	59899	29	London	Chatham,_Kent
17867	7473	179	London	Chelsea_F.C.
17867	170375	26	London	Chengdu
17867	455070	27	London	Cheshunt
17867	7591	50	London	Cholera
17867	177840	58	London	Christopher_Nolan
17867	5955	24	London	Church_of_England
17867	3676991	29	London	Chūkyō_Metropolitan_Area
17867	1061544	56	London	City_and_South_London_Railway
17867	6883	4550	London	City_of_London
17867	272016	49	London	Clapham_Junction_railway_station
17867	390957	24	London	Cleopatra's_Needle
17867	93935	32	London	Clerkenwell
17867	370815	67	London	Coffeehouse
17867	32113	33	London	Conservative_Party_(UK)
17867	23987465	58	London	Constitution_of_the_United_Kingdom
17867	219364	30	London	Constitutional_convention_(political_custom)
17867	265943	161	London	Conurbation
17867	2412263	21	London	Cornhill,_London
17867	5648	14	London	Cornwall
17867	7972956	30	London	Corringham,_Essex
17867	16196880	31	London	Coulsdon_Sixth_Form_College
17867	18508684	118	London	Countries_of_the_United_Kingdom
17867	7239	30	London	Cricket_World_Cup
17867	241693	98	London	Crossrail
17867	934973	29	London	Croxley_Green
17867	811792	24	London	Crystal_Palace_transmitting_station
17867	16284762	104	London	Cycling_in_London
17867	5321	17	London	Czech_Republic
17867	419786	30	London	Danes
17867	8193	29	London	Daniel_Defoe
17867	277226	130	London	Demonym
17867	964835	35	London	Deputy_Mayor_of_London
17867	56656	30	London	Dhaka
17867	15118235	50	London	Diana,_Princess_of_Wales_Memorial_Walk
17867	902183	175	London	Double-decker_bus
17867	8092	34	London	Drum_and_bass
17867	211583	36	London	Dubai
17867	55116	59	London	Dubrovnik
17867	101612	21	London	Duisburg
17867	93979	31	London	Dulwich
17867	1458928	53	London	EN_postcode_area
17867	1753314	30	London	Earls_Court_Exhibition_Centre
17867	24855105	28	London	East_Coast_(train_operating_company)
17867	6443497	32	London	East_Cross_Route
17867	21221606	158	London	East_End_of_London
17867	205873	29	London	East_Grinstead
17867	43281	52	London	East_India_Company
17867	9308454	136	London	East_London_Mosque
17867	1113998	27	London	East_Rand
17867	31727	64	London	Economy_of_the_United_Kingdom
17867	2140991	33	London	Edmonton,_London
17867	8087628	14	London	Egypt
17867	5052197	34	London	Elton_John
17867	10510	34	London	Elvis_Costello
17867	275187	33	London	England_and_Wales
17867	691024	49	London	England_national_rugby_union_team
17867	275915	39	London	English_National_Opera
17867	314865	48	London	English_Premiership_(rugby_union)
17867	18974659	45	London	English_Reformation
17867	26609107	29	London	Epping
17867	372434	86	London	Epping_Forest
17867	15581268	230	London	Etymology_of_London
17867	5854012	35	London	European_Business_School_London
17867	9581	87	London	European_Parliament
17867	152926	25	London	Farnham
17867	2543043	38	London	Fishmonger
17867	7804851	31	London	Fortifications_of_London
17867	590589	35	London	Frank_Stenton
17867	1579068	27	London	Freedom_Pass
17867	2100806	31	London	Frimley
17867	38498	32	London	Frog
17867	143914	31	London	Fulham
17867	171743	32	London	Gatwick_Express
17867	12787	25	London	Geoffrey_Chaucer
17867	45985	32	London	George_Michael
17867	48768	16	London	Georgia_(country)
17867	349339	38	London	Georgian_era
17867	12067	17	London	Ghana
17867	446905	30	London	Gillingham,_Kent
17867	24770329	29	London	Global_Infrastructure_Partners
17867	18842717	32	London	Go-Ahead_London
17867	94014	55	London	Golders_Green
17867	164455	44	London	Goldsmiths,_University_of_London
17867	13084	38	London	Gorillaz
17867	438901	29	London	Grays
17867	1666662	30	London	Great_Stink
17867	9170686	26	London	Greater_Cairo
17867	12108	19	London	Greece
17867	2953187	30	London	Greenwich_Community_College
17867	1225329	44	London	Grime_(music)
17867	94026	30	London	Gunnersbury
17867	24544576	32	London	HCT_Group
17867	209815	28	London	HMS_Belfast_(C35)
17867	5770302	28	London	Hadleigh,_Essex
17867	94033	94	London	Hampstead
17867	52947	92	London	Hampton_Court_Palace
17867	963556	48	London	Harlequin_F.C.
17867	352512	30	London	Harpenden
17867	452233	31	London	Harrow,_London
17867	13985	28	London	Hatfield,_Hertfordshire
17867	605121	26	London	Haymarket_Theatre
17867	46590	62	London	Hedgehog
17867	94090	38	London	Hendon
17867	9033935	31	London	Henry_B._Wheatley
17867	2548323	21	London	Heron_Tower
17867	15728410	33	London	High_Sheriff_of_Greater_London
17867	18398673	31	London	High_Wycombe_Urban_Area
17867	235626	32	London	Highbury_&_Islington_station
17867	2136033	53	London	Highgate_School
17867	26366991	31	London	Hillcroft_College
17867	1282819	33	London	Hillingdon
17867	392831	31	London	Hinterland
17867	16887917	31	London	History_of_London_(1900–39)
17867	261547	31	London	Hoddesdon
17867	94101	32	London	Holborn
17867	5283313	31	London	Hook,_London
17867	520819	21	London	Horse_Guards_Parade
17867	84048	33	London	Hounslow
17867	90444	50	London	House_of_York
17867	94117	27	London	Hoxton
17867	380889	28	London	Hungerford_Bridge_and_Golden_Jubilee_Bridges
17867	211289	409	London	Hyde_Park,_London
17867	37534	31	London	Hyderabad
17867	553665	32	London	Iain_Sinclair
17867	14531	20	London	Iceland
17867	342142	105	London	Iceni
17867	2244827	37	London	Imperial_College_Business_School
17867	46341	35	London	Independent_city
17867	14533	54	London	India
17867	5543966	74	London	Infrastructure_in_London
17867	704015	29	London	Institute_of_Cancer_Research
17867	497869	37	London	Institute_of_Education
17867	147575	33	London	Ireland
17867	159172	34	London	Iron_Maiden
17867	94126	31	London	Isleworth
17867	14532	39	London	Italy
17867	1340014	31	London	Jabodetabek
17867	5006388	60	London	Jimmy_Choo
17867	16455	42	London	John_Keats
17867	2986223	36	London	Jubilee_Walkway
17867	15624	31	London	Judaism
17867	1434954	53	London	KT_postcode_area
17867	17443	36	London	Kate_Bush
17867	16642	14	London	Kazakhstan
17867	2041849	60	London	Keats_House
17867	557394	33	London	Keihanshin
17867	2863313	34	London	Keihin_region
17867	94132	30	London	Kensal_Green
17867	54732	35	London	Kensington
17867	40904713	24	London	Kensington_Arcade
17867	19371260	32	London	Kensington_and_Chelsea_College
17867	25086311	773	London	Kew_Gardens
17867	158465	58	London	King's_College_London_School_of_Medicine
17867	29483153	35	London	King's_Health_Partners
17867	18949613	15	London	Kingdom_of_the_Netherlands
17867	8367090	31	London	Kingston_College_(England)
17867	41137348	39	London	Kingston_University
17867	45773	22	London	Kinshasa
17867	8399734	29	London	Knaphill
17867	47905	23	London	Kolkata
17867	4662512	26	London	Kolkata_metropolitan_area
17867	322293	34	London	Lambeth_Palace
17867	981474	20	London	Leadenhall_Market
17867	17909	37	London	Led_Zeppelin
17867	51155	21	London	Leicester
17867	93740	75	London	Leicester_Square
17867	19233472	38	London	Leyton_Sixth_Form_College
17867	1967355	155	London	List_of_Parliamentary_constituencies_in_London
17867	575610	45	London	List_of_churches_in_London
17867	11947794	1371	London	List_of_cities_by_GDP
17867	18635450	31	London	List_of_districts_in_Brent
17867	9535391	32	London	List_of_districts_in_Enfield
17867	18635537	33	London	List_of_districts_in_Harrow
17867	18635616	30	London	List_of_districts_in_Kingston_upon_Thames
17867	18635257	33	London	List_of_districts_in_Lambeth
17867	18635680	32	London	List_of_districts_in_Lewisham
17867	16141764	31	London	List_of_districts_in_Waltham_Forest
17867	18635666	31	London	List_of_districts_in_Wandsworth
17867	18635701	32	London	List_of_districts_in_the_City_of_Westminster
17867	11065526	288	London	List_of_largest_cities_throughout_history
17867	125279	103	London	List_of_metropolitan_areas_by_population
17867	1108653	142	London	List_of_museums_in_London
17867	79508	47	London	List_of_newspapers_in_the_United_Kingdom
17867	13463790	130	London	List_of_tallest_buildings_in_the_United_Kingdom
17867	1775678	20	London	List_of_transcontinental_countries
17867	9508746	58	London	List_of_urban_areas_by_population
17867	18456	28	London	Literacy
17867	14925260	113	London	Local_government_in_London
17867	40353	25	London	London,_Ontario
17867	37283224	30	London	London_Academy_of_Excellence
17867	383748	32	London	London_Biggin_Hill_Airport
17867	95337	105	London	London_Borough_of_Barking_and_Dagenham
17867	94333	139	London	London_Borough_of_Barnet
17867	7185	208	London	London_Borough_of_Croydon
17867	94074	140	London	London_Borough_of_Ealing
17867	94318	149	London	London_Borough_of_Enfield
17867	95381	178	London	London_Borough_of_Hillingdon
17867	93988	123	London	London_Borough_of_Hounslow
17867	93893	238	London	London_Borough_of_Islington
17867	95362	186	London	London_Borough_of_Lambeth
17867	94478	117	London	London_Borough_of_Redbridge
17867	93958	209	London	London_Borough_of_Southwark
17867	95391	256	London	London_Borough_of_Tower_Hamlets
17867	520187	82	London	London_Business_School
17867	1515687	79	London	London_Central_Mosque
17867	239680	120	London	London_City_Airport
17867	1177917	33	London	London_Dial-a-Ride
17867	1308051	24	London	London_IMAX
17867	48804	51	London	London_Marathon
17867	11880585	30	London	London_Midland
17867	152777	23	London	London_Paddington_station
17867	3970056	46	London	London_Passenger_Transport_Board
17867	6488697	123	London	London_Ringways
17867	382259	30	London	London_River_Services
17867	531365	39	London	London_School_of_Hygiene_&_Tropical_Medicine
17867	33597830	31	London	London_School_of_Journalism
17867	386181	37	London	London_South_Bank_University
17867	384873	116	London	London_Southend_Airport
17867	2193326	32	London	London_Sovereign
17867	65456	118	London	London_Stansted_Airport
17867	4942535	55	London	London_Television_Archive
17867	338269	31	London	London_Victoria_station
17867	367460	248	London	London_commuter_belt
17867	14339497	33	London	London_low_emission_zone
17867	17232167	33	London	London_mayoral_elections
17867	118409	42	London	London_postal_district
17867	17617	47	London	Longitude
17867	337405	23	London	Longyearbyen
17867	18110	93	London	Los_Angeles
17867	370064	44	London	Love_Actually
17867	428422	36	London	Low-cost_carrier
17867	55639	34	London	Luton
17867	206934	34	London	Luton_Airport
17867	181818	38	London	M1_motorway
17867	20469	64	London	M25_motorway
17867	1280544	50	London	Manolo_Blahnik
17867	467579	23	London	Mansion_House,_London
17867	268021	21	London	Mariehamn
17867	6071026	31	London	Mary_Ward_Centre
17867	94167	121	London	Mayfair
17867	40338	483	London	Mayor_of_London
17867	4974699	79	London	Media_in_London
17867	17306237	31	London	Melbourne
17867	19708	37	London	Mercantilism
17867	72340	31	London	Metro_Manila
17867	2193318	32	London	Metroline
17867	75253	611	London	Metropolitan_area
17867	3966054	15	London	Mexico
17867	220104	49	London	Middlesex_University
17867	36511	85	London	Milan
17867	94171	30	London	Mill_Hill
17867	94173	31	London	Mitcham,_London
17867	19260	14	London	Moldova
17867	361282	29	London	Moorgate_station
17867	94176	31	London	Morden
17867	19811889	29	London	Moscow_metropolitan_area
17867	20506363	44	London	Mumford_&_Sons
17867	19541	24	London	Muslim
17867	4836072	36	London	My_Fair_Lady_(film)
17867	30472067	31	London	Mynors_Bright
17867	61720	24	London	Nagoya
17867	537402	46	London	National_Portrait_Gallery,_London
17867	21923	61	London	National_Rail
17867	310411	411	London	Natural_History_Museum,_London
17867	21148	33	London	Netherlands
17867	21765	30	London	New_Malden
17867	8210131	186	London	New_York
17867	57064	24	London	Nicosia
17867	292440	29	London	Nikolaus_Pevsner
17867	9817223	29	London	Norman_and_Medieval_London
17867	94194	30	London	Northolt
17867	21241	22	London	Norway
17867	94200	35	London	Notting_Hill
17867	204019	37	London	Notting_Hill_(film)
17867	39470	24	London	Nottingham
17867	749057	31	London	Nunhead
17867	236287	52	London	Ode_to_a_Nightingale
17867	185467	66	London	One_Canada_Square
17867	22309	53	London	Oslo
17867	379426	83	London	Outer_London
17867	229191	25	London	Oxford_Circus
17867	2148571	58	London	Parliament_Hill,_London
17867	34063516	31	London	Pearson_College_(United_Kingdom)
17867	57172	88	London	Peasants'_Revolt
17867	94218	37	London	Peckham
17867	50568	55	London	Personal_rapid_transit
17867	24355	37	London	Perth
17867	1590297	23	London	Peter_Jones_(department_store)
17867	990653	23	London	Petticoat_Lane_Market
17867	153557	33	London	Phil_Collins
17867	229188	914	London	Piccadilly_Circus
17867	5079506	37	London	Pink_Floyd
17867	60261	37	London	Pinniped
17867	23508	12	London	Plymouth
17867	172136	19	London	Podgorica
17867	816081	41	London	Port_of_Felixstowe
17867	294847	137	London	Port_of_London
17867	18725712	46	London	Port_of_Tilbury
17867	11694009	49	London	Portuguese_in_the_United_Kingdom
17867	598434	54	London	Post-glacial_rebound
17867	99654	144	London	Postcodes_in_the_United_Kingdom
17867	50225	15	London	Prime_meridian
17867	382451	335	London	Primrose_Hill
17867	1197225	32	London	Putney_railway_station
17867	25057928	58	London	QS_World_University_Rankings
17867	402896	30	London	Rayleigh,_Essex
17867	26247	238	London	Received_Pronunciation
17867	219796	30	London	Reigate
17867	23564616	17	London	Republic_of_Macedonia
17867	2425181	39	London	Richmond_F.C.
17867	7907215	30	London	Richmond_upon_Thames_College
17867	706605	39	London	River_Wandle
17867	49720	46	London	Robert_Hooke
17867	25445	17	London	Romania
17867	94264	33	London	Romford
17867	163026	36	London	Royal_Academy_of_Dramatic_Art
17867	218993	42	London	Royal_Academy_of_Music
17867	179238	211	London	Royal_Albert_Hall
17867	93948	198	London	Royal_Borough_of_Greenwich
17867	94148	459	London	Royal_Borough_of_Kensington_and_Chelsea
17867	175498	103	London	Royal_College_of_Music
17867	383003	23	London	Royal_Courts_of_Justice
17867	505169	37	London	Royal_Docks
17867	391079	22	London	Royal_Mews
17867	430779	37	London	Royal_National_Lifeboat_Institution
17867	167775	23	London	Royal_National_Theatre
17867	25405	18	London	Rugby_union
17867	94268	31	London	Ruislip
17867	25391	16	London	Russia
17867	9625321	53	London	SE_postcode_area
17867	1456479	49	London	SM_postcode_area
17867	118652	31	London	SOAS,_University_of_London
17867	10113136	71	London	SW_postcode_area
17867	43485209	22	London	Saint-Denis
17867	356081	20	London	Saint_Helier
17867	27808	36	London	Samuel_Pepys
17867	629561	52	London	Saracens_F.C.
17867	3226208	40	London	Schiller_International_University
17867	533450	32	London	School_of_Advanced_Study
17867	152951	31	London	Science_Museum,_London
17867	38092115	24	London	Selfridges,_Oxford_Street
17867	1468925	24	London	Senate_House_(University_of_London)
17867	29265	16	London	Serbia
17867	1162446	30	London	Seven_Kings
17867	30320	37	London	Sex_Pistols
17867	27643	58	London	Shanghai
17867	2504930	183	London	Sherlock_Holmes_Museum
17867	155176	46	London	Shrew
17867	94280	31	London	Sidcup
17867	29511	32	London	Siouxsie_and_the_Banshees
17867	800063	30	London	Sittingbourne
17867	31908310	32	London	Source_London
17867	205026	40	London	South_Bank
17867	5375792	29	London	South_Benfleet
17867	542549	26	London	South_Kensington
17867	1333942	32	London	South_Norwood
17867	2842122	31	London	South_Thames_College
17867	7920751	40	London	Southampton
17867	4414537	36	London	Southeastern_(train_operating_company)
17867	15878178	31	London	Southend_Urban_Area
17867	94291	29	London	Southgate,_London
17867	286335	46	London	Southwark_Cathedral
17867	3311225	44	London	Southwark_Street
17867	1220817	48	London	Sport_in_the_United_Kingdom
17867	316532	22	London	Spring_(season)
17867	533436	46	London	St_George's,_University_of_London
17867	13947854	23	London	St_George_Wharf_Tower
17867	2441310	31	London	St_Helier,_London
17867	94270	49	London	St_John's_Wood
17867	392066	122	London	St_Martin-in-the-Fields
17867	1194188	32	London	Stagecoach_London
17867	45220	27	London	Staines-upon-Thames
17867	2304822	30	London	Stanford-le-Hope
17867	640504	28	London	Stansted_Express
17867	11305114	41	London	Statutory_planning
17867	914180	20	London	Stepanakert
17867	94299	33	London	Stepney
17867	311649	25	London	Stevenage
17867	94307	30	London	Streatham
17867	12075369	30	London	Stuart_London
17867	697519	44	London	Stucco
17867	22751937	31	London	Super_League
17867	94309	33	London	Surbiton
17867	27441	22	London	Svalbard
17867	463284	64	London	Swinging_London
17867	26748	25	London	Switzerland
17867	10106382	49	London	TN_postcode_area
17867	1472736	48	London	TW_postcode_area
17867	57648	21	London	Taipei
17867	31577	14	London	Tallinn
17867	18449452	39	London	Tate_Britain
17867	31119	539	London	Tate_Modern
17867	1017445	45	London	Teddington_Lock
17867	57654	32	London	Tehran
17867	627405	47	London	Telephone_numbering_plan
17867	390961	55	London	Thames_Embankment
17867	301716	38	London	Thames_Gateway
17867	16617948	31	London	Thames_River_Services
17867	88173	45	London	Thameslink
17867	103293	23	London	The_Great_Exhibition
17867	38498326	42	London	The_Hive_Stadium
17867	25080984	45	London	The_King's_Speech
17867	7744446	31	London	The_Londoner
17867	208537	25	London	The_Mall,_London
17867	57321	29	London	The_Police
17867	782140	2493	London	The_Shard
17867	36517	37	London	The_Who
17867	30890	41	London	Time_zone
17867	41611241	339	London	Timeline_of_London
17867	31075	22	London	Tirana
17867	99484	18	London	Tiraspol
17867	38499	36	London	Toad
17867	1792975	54	London	Tom_Hardy
17867	341103	31	London	Tonbridge
17867	94324	29	London	Tooting
17867	18253957	35	London	Tottenham
17867	173845	29	London	Tottenham_Court_Road_station
17867	5333265	546	London	Tourism_in_London
17867	99863	56	London	Tourist_attraction
17867	234226	42	London	Traffic_congestion
17867	7162	96	London	Tramlink
17867	939629	20	London	Trent_Park
17867	94334	30	London	Tulse_Hill
17867	94336	31	London	Twickenham
17867	3472985	50	London	UB_postcode_area
17867	18769057	37	London	UCL_Partners
17867	44220	49	London	UEFA_Champions_League
17867	15445428	43	London	UK_garage
17867	31816	24	London	Uganda
17867	31750	15	London	Ukraine
17867	22946931	35	London	United_Hospitals
17867	21958604	192	London	United_Kingdom_Census_2011
17867	52029	142	London	University_College_London
17867	6881164	30	London	University_of_Avignon
17867	60919	96	London	University_of_London
17867	94338	28	London	Upminster
17867	319983	29	London	Upper_Norwood
17867	764593	166	London	Urban_area
17867	19250936	30	London	Uxbridge_College
17867	2040058	24	London	Valley_of_Mexico
17867	32706	53	London	Vancouver
17867	1956008	218	London	Victoria_Memorial,_London
17867	445493	30	London	Victoria_Park,_London
17867	32597	19	London	Vilnius
17867	1404622	27	London	Waltham_Abbey_(town)
17867	1968464	29	London	Waltham_Cross
17867	19713015	30	London	Waltham_Forest_College
17867	94363	28	London	Walworth
17867	20833152	57	London	Wandle_Trail
17867	94368	30	London	Wanstead
17867	454544	38	London	Warner_Music_Group
17867	108956	41	London	Washington,_D.C.
17867	349407	28	London	Watford
17867	1150690	49	London	Wellington_Arch
17867	8913012	269	London	Wembley_Stadium
17867	1154952	251	London	West_End_theatre
17867	33166	15	London	West_Germany
17867	94380	30	London	West_Ham
17867	1010978	28	London	West_Hampstead
17867	176307	30	London	West_Norwood
17867	8206371	22	London	Westfield_London
17867	43245	1028	London	Westminster_Abbey
17867	8052968	30	London	Westminster_Kingsway_College
17867	171751	62	London	Westminster_School
17867	94387	85	London	Whitechapel
17867	146416	62	London	Whitehall
17867	40354269	31	London	William_Morris_Sixth_Form
17867	32897	73	London	William_Shakespeare
17867	761318	36	London	Wimbledon_Common
17867	194885	29	London	Wokingham
17867	2413798	37	London	Wood_mouse
17867	17733114	30	London	Woodford,_London
17867	5146677	26	London	Woodhouse_College
17867	94398	36	London	Woolwich
17867	14165953	30	London	Working_Men's_College
17867	7425378	27	London	World_Games_1985
17867	18207550	28	London	World_Games_1997
17867	4051545	26	London	World_Games_2009
17867	82138	25	London	Wuhan
17867	80313	23	London	Yokohama
17867	192818	43	London	Youth_culture
17867	24323556	26	London	Z/Yen
